<?xml version="1.0" encoding="UTF-8"?>
<mappings xmlns="http://dozer.sourceforge.net" xmlns:xsi="http://www.w3.org/2001/XMLSchema-instance"
	xsi:schemaLocation="http://dozer.sourceforge.net
          http://dozer.sourceforge.net/schema/beanmapping.xsd">


	<mapping>
		<class-a>com.fxo.api.dto.FXODealGovernanceParametersDTO</class-a>
		<class-b>com.fxo.admin.dto.DealGovernanceConfigDTO</class-b>

		<field>
			<a is-accessible="true">fxoProductCatalogue.product</a>
			<b>product</b>
		</field>

		<field>
			<a>lastUpdatedDate</a>
			<b>updatedAt</b>
		</field>

		<field>
			<a>lastUpdatedBy</a>
			<b>updatedBy</b>
		</field>

	</mapping>

	<mapping>
		<class-a>com.fxo.api.dto.FXODealGovernanceParametersCcyPairDTO
		</class-a>
		<class-b>com.fxo.admin.dto.DealGovernanceConfigDTO</class-b>

		<field>
			<a is-accessible="true">fxoDealGovernanceParameters.fxoProductCatalogue.product
			</a>
			<b>product</b>
		</field>

		<field>
			<a is-accessible="true">fxoDealGovernanceParameters.validationCode
			</a>
			<b>validationCode</b>
		</field>

		<field>
			<a>lastUpdatedDate</a>
			<b>updatedAt</b>
		</field>

		<field>
			<a>lastUpdatedBy</a>
			<b>updatedBy</b>
		</field>

	</mapping>


	<mapping>
		<class-a>com.fxo.api.dto.FXODealGovernanceParametersCcyPairDTO
		</class-a>
		<class-b>com.fxo.admin.dto.CurrencyPairConfigDTO</class-b>


		<field>
			<a is-accessible="true">currencyPair.currency.currency</a>
			<b>currency</b>
		</field>

		<field>
			<a is-accessible="true">currencyPair.counterCurrency.currency</a>
			<b>counterCurrency</b>
		</field>

		<field>
			<a>lastUpdatedDate</a>
			<b>updatedAt</b>
		</field>

		<field>
			<a>lastUpdatedBy</a>
			<b>updatedBy</b>
		</field>

	</mapping>




	<mapping>
		<class-a>com.fxo.dao.entity.CurrencyPairProduct</class-a>
		<class-b>com.fxo.admin.dto.CurrencyPairProductConfigDTO
		</class-b>

		<field>
			<a is-accessible="true">product.product</a>
			<b>product</b>
		</field>

		<field>
			<a is-accessible="true">currencyPair.currency.currency</a>
			<b>currency</b>
		</field>

		<field>
			<a is-accessible="true">currencyPair.counterCurrency.currency</a>
			<b>counterCurrency</b>
		</field>

		<field>
			<a is-accessible="true">currencyPair.ratePrecision</a>
			<b>ratePrecision</b>
		</field>

		<field>
			<a is-accessible="true">currencyPair.distanceFromSpot</a>
			<b>distanceFromSpot</b>
		</field>

		<field>
			<a is-accessible="true">currencyPair.pipUnitValue</a>
			<b>pipUnitValue</b>
		</field>

		<field>
			<a>lastUpdatedDate</a>
			<b>updatedAt</b>
		</field>

		<field>
			<a>lastUpdatedBy</a>
			<b>updatedBy</b>
		</field>

	</mapping>

	<mapping>
		<class-a>com.fxo.api.dto.CurrencyPairDTO</class-a>
		<class-b>com.fxo.admin.dto.CurrencyPairConfigDTO
		</class-b>

		<field>
			<a>currency.currency</a>
			<b>currency</b>
		</field>

		<field>
			<a>counterCurrency.currency</a>
			<b>counterCurrency</b>
		</field>

		<field>
			<a>lastUpdatedDate</a>
			<b>updatedAt</b>
		</field>

		<field>
			<a>lastUpdatedBy</a>
			<b>updatedBy</b>
		</field>

	</mapping>

	<mapping>
		<class-a>com.fxo.api.dto.FXOCurrencyDTO</class-a>
		<class-b>com.fxo.admin.dto.CurrencyConfigDTO
		</class-b>

		<field>
			<a>lastUpdatedDate</a>
			<b>updatedAt</b>
		</field>

		<field>
			<a>lastUpdatedBy</a>
			<b>updatedBy</b>
		</field>

	</mapping>

	<mapping>
		<class-a>com.fxo.dao.entity.FXOCurrency</class-a>
		<class-b>com.fxo.admin.dto.CurrencyConfigDTO
		</class-b>

		<field>
			<a>lastUpdatedDate</a>
			<b>updatedAt</b>
		</field>

		<field>
			<a>lastUpdatedBy</a>
			<b>updatedBy</b>
		</field>

	</mapping>

	<mapping>
		<class-a>com.fxo.admin.dto.CurrencyPairConfigDTO</class-a>
		<class-b>com.fxo.dao.entity.CurrencyPair</class-b>

		<field>
			<a>currency</a>
			<b is-accessible="true">currency.currency</b>
		</field>

		<field>
			<a>counterCurrency</a>
			<b is-accessible="true">counterCurrency.currency</b>
		</field>

		<field>
			<a>updatedAt</a>
			<b>lastUpdatedDate</b>
		</field>

		<field>
			<a>updatedBy</a>
			<b>lastUpdatedBy</b>
		</field>

	</mapping>

	<mapping>
		<class-a>com.fxo.admin.dto.DealGovernanceConfigDTO</class-a>
		<class-b>com.fxo.dao.entity.FXODealGovernanceParameters</class-b>

		<field>
			<a>product</a>
			<b is-accessible="true">fxoProductCatalogue.product</b>
		</field>

		<field>
			<a>updatedAt</a>
			<b>lastUpdatedDate</b>
		</field>

		<field>
			<a>updatedBy</a>
			<b>lastUpdatedBy</b>
		</field>

	</mapping>


	<mapping>
		<class-a>com.fxo.admin.dto.FXOInterPortfolioConfigDTO</class-a>
		<class-b>com.fxo.dao.entity.FXOUserInterPortfolioMapping</class-b>

		<field>
			<a>interPortfolio</a>
			<b is-accessible="true">interPortfolio.interPortfolio</b>
		</field>

		<field>
			<a>updatedAt</a>
			<b>lastUpdatedDate</b>
		</field>

		<field>
			<a>updatedBy</a>
			<b>lastUpdatedBy</b>
		</field>

	</mapping>

</mappings>