<beans xmlns="http://www.springframework.org/schema/beans"
	xmlns:context="http://www.springframework.org/schema/context"
	xmlns:xsi="http://www.w3.org/2001/XMLSchema-instance" xmlns:util="http://www.springframework.org/schema/util"
	xsi:schemaLocation="http://www.springframework.org/schema/beans
        http://www.springframework.org/schema/beans/spring-beans-4.0.xsd
        http://www.springframework.org/schema/util  http://www.springframework.org/schema/util/spring-util.xsd
        http://www.springframework.org/schema/context
        http://www.springframework.org/schema/context/spring-context-4.0.xsd">

	<!-- Root Context: defines shared resources visible to all other web components -->
	<context:property-placeholder location="classpath:fxo-admin-client.properties"
		ignore-unresolvable="true" />

	<bean id="adminClientObjectMapper"
		class="org.springframework.http.converter.json.Jackson2ObjectMapperFactoryBean">
		<property name="modules">
			<list>
				<bean class="com.fasterxml.jackson.datatype.joda.JodaModule" />
			</list>
		</property>
		<property name="featuresToDisable">
			<util:constant
				static-field="com.fasterxml.jackson.databind.SerializationFeature.WRITE_DATES_AS_TIMESTAMPS" />
		</property>
		<property name="serializationInclusion">
			<util:constant
				static-field="com.fasterxml.jackson.annotation.JsonInclude.Include.NON_NULL" />
		</property>
	</bean>

	<bean id="adminClientHttpMessageConverter"
		class="org.springframework.http.converter.json.MappingJackson2HttpMessageConverter">
		<property name="objectMapper" ref="adminClientObjectMapper" />
	</bean>


	<bean id="adminClientRestTemplate" class="org.springframework.web.client.RestTemplate">
		<property name="messageConverters">
			<list>
				<ref bean="adminClientHttpMessageConverter" />
			</list>
		</property>
		<property name="errorHandler">
			<bean class="com.fxo.client.exception.RestExceptionHandler" />
		</property>
	</bean>

	<bean id="admin.dealingService" class="com.fxo.admin.client.impl.DealingHoursServiceImpl">
		<constructor-arg index="0" value="${fxo.admin.rest.endpoint}" />
		<constructor-arg index="1" value="${fxo.admin.dealing.resource}" />
		<property name="restTemplate" ref="adminClientRestTemplate" />
		<property name="mapper" ref="adminClientObjectMapper" />
	</bean>

	<bean id="admin.thresholdService" class="com.fxo.admin.client.impl.ThresholdServiceImpl">
		<constructor-arg index="0" value="${fxo.admin.rest.endpoint}" />
		<constructor-arg index="1"
			value="${fxo.admin.threshold.resource}" />
		<property name="restTemplate" ref="adminClientRestTemplate" />
		<property name="mapper" ref="adminClientObjectMapper" />
	</bean>
	<bean id="admin.currencyService" class="com.fxo.admin.client.impl.CurrencyServiceImpl">
		<constructor-arg index="0" value="${fxo.admin.rest.endpoint}" />
		<constructor-arg index="1"
			value="${fxo.admin.currency.resource}" />
		<property name="restTemplate" ref="adminClientRestTemplate" />
		<property name="mapper" ref="adminClientObjectMapper" />
	</bean>
	<bean id="admin.userInterPortfolioConfigMappingService"
		class="com.fxo.admin.client.impl.FXOUserInterPortfolioMappingConfigServiceImpl">
		<constructor-arg index="0" value="${fxo.admin.rest.endpoint}" />
		<constructor-arg index="1"
			value="${fxo.admin.userInterPortfolioConfigMapping.resource}" />
		<property name="restTemplate" ref="adminClientRestTemplate" />
		<property name="mapper" ref="adminClientObjectMapper" />
	</bean>
	<bean id="admin.fxoInterPortfolioConfigQueryService"
		class="com.fxo.admin.client.impl.FXOInterPortfolioConfigQueryServiceImpl">
		<constructor-arg index="0" value="${fxo.admin.rest.endpoint}" />
		<constructor-arg index="1"
			value="${fxo.admin.interPortfolio.resource}" />
		<property name="restTemplate" ref="adminClientRestTemplate" />
		<property name="mapper" ref="adminClientObjectMapper" />
	</bean>
	<bean id="admin.blockingEventService"
		  class="com.fxo.admin.client.impl.BlockingEventServiceImpl">
		<constructor-arg index="0" value="${fxo.admin.rest.endpoint}" />
		<constructor-arg index="1"
						 value="${fxo.admin.eventBlocking.resource}" />
		<property name="restTemplate" ref="adminClientRestTemplate" />
		<property name="mapper" ref="adminClientObjectMapper" />
	</bean>

</beans>
